<odoo>
    <data>
        <record id="fund_vcb_growth" model="portfolio.fund">
            <field name="name">VCB Growth Fund</field>
            <field name="ticker">VCBGF</field>
            <field name="description">Quỹ tăng trưởng đầu tư vào cổ phiếu Việt Nam</field>
            <field name="inception_date">2020-01-01</field>
            <field name="current_ytd">85000</field>
            <field name="current_nav">110000</field>
            <field name="investment_type">Growth</field>
            <field name="is_shariah">False</field>
            <field name="ytd_history">{"2020": 5.2, "2021": 7.4, "2022": -3.1, "2023": 10.5}</field>
            <field name="nav_history">{"2020": 10.0, "2021": 11.2, "2022": 10.8, "2023": 12.5}</field>
            <field name="launch_price">10.0</field>
        </record>

        <record id="fund_fpt_income" model="portfolio.fund">
            <field name="name">FPT Income Fund</field>
            <field name="ticker">FPTIF</field>
            <field name="description">Quỹ thu nhập đầu tư vào trái phiếu và tài sản ổn định</field>
            <field name="inception_date">2018-06-15</field>
            <field name="current_ytd">120000</field>
            <field name="current_nav">130000</field>
            <field name="investment_type">Income</field>
            <field name="is_shariah">True</field>
            <field name="ytd_history">{"2019": 3.1, "2020": 3.5, "2021": 4.0, "2022": 4.1}</field>
            <field name="nav_history">{"2019": 10.5, "2020": 11.0, "2021": 11.7, "2022": 12.1}</field>
            <field name="launch_price">10.0</field>
        </record>





        <record id="fund_vcb_balanced" model="portfolio.fund">
            <field name="name">VCB Balanced Fund</field>
            <field name="ticker">VCBBF</field>
            <field name="description">Quỹ cân bằng đầu tư vào cổ phiếu và trái phiếu</field>
            <field name="inception_date">2020-01-01</field>
            <field name="current_ytd">50000</field>
            <field name="current_nav">70000</field>
            <field name="investment_type">Growth</field>
            <field name="is_shariah">False</field>
            <field name="ytd_history">{"2020": 5.2, "2021": 7.4, "2022": -3.1, "2023": 10.5}</field>
            <field name="nav_history">{"2020": 10.0, "2021": 11.2, "2022": 10.8, "2023": 12.5}</field>
            <field name="launch_price">10.0</field>
        </record>








        <record id="fund_vcb_balanced" model="portfolio.fund">
            <field name="name">VCB Balanced Fund</field>
            <field name="ticker">VCBBF</field>
            <field name="description">Quỹ cân bằng đầu tư vào cổ phiếu và trái phiếu</field>
            <field name="inception_date">2018-03-15</field>
            <field name="current_ytd">25000</field>
            <field name="current_nav">28000</field>
            <field name="investment_type">Growth</field>
            <field name="is_shariah">False</field>
            <field name="ytd_history">{"2018": 4.0, "2019": 5.5, "2020": 6.0, "2021": 7.2}</field>
            <field name="nav_history">{"2018": 10.0, "2019": 10.6, "2020": 11.3, "2021": 12.1}</field>
            <field name="launch_price">10.0</field>
        </record>

        <record id="fund_vcb_shariah_equity" model="portfolio.fund">
            <field name="name">VCB Shariah Equity Fund</field>
            <field name="ticker">VCBSEF</field>
            <field name="description">Quỹ cổ phiếu tuân thủ nguyên tắc Shariah</field>
            <field name="inception_date">2020-01-01</field>
            <field name="current_ytd">63000</field>
            <field name="current_nav">80000</field>
            <field name="investment_type">Capital Growth</field>
            <field name="is_shariah">False</field>
            <field name="ytd_history">{"2020": 5.2, "2021": 7.4, "2022": -3.1, "2023": 10.5}</field>
            <field name="nav_history">{"2020": 10.0, "2021": 11.2, "2022": 10.8, "2023": 12.5}</field>
            <field name="launch_price">10.0</field>
        </record>


    </data>
</odoo>
